regional_office,total_deals,deals_won,total_revenue,conversion_rate
Central,3512,1629,3346293.0,0.46383826879271073
West,2997,1438,3568647.0,0.47981314647981316
East,2291,1171,3090594.0,0.51113051069402
